﻿<?xml version="1.0" encoding="utf-8" ?>
<Defs>

  <HediffDef Name="DiseaseBase" Abstract="True">
    <hediffClass>HediffWithComps</hediffClass>
    <defaultLabelColor>(0.8, 0.8, 0.35)</defaultLabelColor>
  </HediffDef>

  <HediffDef ParentName="DiseaseBase">
    <defName>HediffGleamcapSmoke</defName>
    <label>gleamcap smoke</label>
    <comps>
      <li Class="HediffCompProperties_Disappears">
        <disappearsAfterTicks>
          <min>3000</min>
          <max>3000</max>
        </disappearsAfterTicks>
      </li>
    </comps>
    <stages>
      <li>
        <capMods>
          <li>
            <capacity>Consciousness</capacity>
            <setMax>0.9</setMax>
          </li>
        </capMods>
        <painFactor>0.9</painFactor>
      </li>
    </stages>
  </HediffDef>

</Defs>